CellID,cell_type
AAACGAATCAAGTGGG-1_1,LC_ER-_LuP
AAAGAACTCTAAACGC-1_1,Myo
AAAGGGCTCTGTCAGA-1_1,LC_ER-_LuP
AAAGTCCAGTGCTCGC-1_1,LC_ER+_Foxa1
AAAGTCCCACTGGACC-1_1,LC_ER-_LuP
AAAGTCCGTACGAGTG-1_1,LC_ER-_LuP
AAAGTGAGTATCGTTG-1_1,Myo
AACAACCGTCGAGCTC-1_1,LC_ER-_LuP
AACAACCTCCTACGGG-1_1,LC_ER-_LuP
AACAGGGGTCCTACAA-1_1,LC_ER+_Foxa1
AACCACAGTGTATACC-1_1,Myo
AACCCAAAGAGGATCC-1_1,LC_ER+_Foxa1
AACCCAACACGGTAGA-1_1,Myo
AACCCAAGTGCCGTTG-1_1,LC_ER+_Foxa1
AACCTTTCATAAGCAA-1_1,LC_ER-_LuP
AACCTTTGTCGAATGG-1_1,LC_ER-_LuP
AACGAAAGTAGAGACC-1_1,LC_ER+_Foxa1
AACGTCAAGTTTCGAC-1_1,LC_ER+_Foxa1
AACGTCACAGCCTATA-1_1,LC_ER+_Foxa1
AACTTCTAGGATCATA-1_1,LC_ER+_Foxa1
AAGAACATCATCTATC-1_1,LC_ER-_LuP
AAGAACATCTCTAAGG-1_1,LC_ER-_LuP
AAGACAACAACTGGTT-1_1,LC_ER-_LuP
AAGACTCCATCCAACA-1_1,LC_ER-_LuP
AAGATAGAGTCAGGGT-1_1,LC_ER-_LuP
AAGATAGCAAGATTGA-1_1,LC_ER+_Foxa1
AAGATAGTCCGGTAGC-1_1,LC_ER-_LuP
AAGCCATCATCGGAGA-1_1,LC_ER-_LuP
AAGCCATGTATGAGGC-1_1,LC_ER-_LuP
AAGCCATTCCTTATCA-1_1,LC_ER+_Foxa1
AAGCCATTCTTCACAT-1_1,LC_ER-_LuP
AAGGAATAGAATCGCG-1_1,LC_ER+_Foxa1
AAGGAATGTGGGCTCT-1_1,LC_ER+_Foxa1
AAGGAATTCCCTTGGT-1_1,LC_ER-_LaP
AAGGTAAGTAAGTCAA-1_1,LC_ER+_Foxa1
AAGTGAAAGTCGAAAT-1_1,LC_ER+_Foxa1
AATCACGAGTGCACAG-1_1,LC_ER-_LuP
AATCACGTCCGCACTT-1_1,LC_ER+_Foxa1
AATCACGTCTTGAACG-1_1,Myo
AATCGTGTCTTGGTCC-1_1,LC_ER-_LuP
AATGACCCACAAGCTT-1_1,Myo
AATGACCGTCCAGGTC-1_1,LC_ER-_LuP
AATGACCGTGCGAACA-1_1,Myo
AATGCCACACGTCGGT-1_1,Myo
AATGGAACACGTTCGG-1_1,LC_ER+_Foxa1
AATGGAACAGAGGACT-1_1,LC_ER-_LuP
AATGGAACATTAGGAA-1_1,Myo
AATTCCTAGCTAATGA-1_1,LC_ER+_Foxa1
AATTCCTAGGCACTCC-1_1,LC_ER+_Foxa1
AATTCCTGTGCCTAAT-1_1,LC_ER+_Foxa1
AATTCCTTCAAGCTGT-1_1,LC_ER-_LuP
AATTTCCTCCACAGGC-1_1,LC_ER-_LuP
ACAAAGAAGTGGTTCT-1_1,Myo
ACAAAGACACAGCTGC-1_1,LC_ER-_LuP
ACAAAGAGTGGAAATT-1_1,Myo
ACAAAGATCATCACCC-1_1,Myo
ACAAAGATCCATTGTT-1_1,LC_ER-_LuP
ACAACCAAGCCGGATA-1_1,LC_ER+_Foxa1
ACAACCAGTTATGTCG-1_1,LC_ER-_LuP
ACAAGCTAGAAACTCA-1_1,LC_ER-_LuP
ACACAGTGTGGCAGAT-1_1,LC_ER+_Foxa1
ACACCAAAGCCTCTCT-1_1,LC_ER-_LuP
ACACGCGAGGTCTTTG-1_1,LC_ER+_Foxa1
ACACGCGCAACCAACT-1_1,LC_ER-_LuP
ACACGCGTCTCCGCAT-1_1,LC_ER+_Foxa1
ACAGAAATCTCTCAAT-1_1,LC_ER+_Foxa1
ACAGCCGAGGGCAACT-1_1,LC_ER-_LuP
ACAGCCGCAAGATCCT-1_1,LC_ER+_Foxa1
ACAGGGAGTGGCTTGC-1_1,LC_ER+_Foxa1
ACAGGGAGTGGTCTAT-1_1,LC_ER+_Foxa1
ACATCCCCAGATCCAT-1_1,LC_ER+_Foxa1
ACATCGACAACGCCCA-1_1,LC_ER+_Foxa1
ACATCGATCCGTGGCA-1_1,LC_ER+_Foxa1
ACATGCACAGCCGGTT-1_1,LC_ER-_LuP
ACATGCACATGAATAG-1_1,Myo
ACATTTCAGTGCGACA-1_1,Myo
ACCAACATCCTCACTG-1_1,LC_ER+_Foxa1
ACCACAACATTGGGAG-1_1,LC_ER-_LuP
ACCACAAGTTATGTGC-1_1,LC_ER-_LuP
ACCATTTCAGTTAGAA-1_1,LC_ER-_LuP
ACCCTTGAGACGGTTG-1_1,LC_ER+_Foxa1
ACCGTTCTCCCAGGCA-1_1,LC_ER-_LuP
ACCTGAACAACACACT-1_1,Myo
ACCTGAACAAGTACCT-1_1,LC_ER-_LuP
ACCTGAACAGAGAATT-1_1,LC_ER-_LuP
ACCTGAATCCGAAGGA-1_1,LC_ER+_Foxa1
ACCTGTCAGCATATGA-1_1,LC_ER-_LuP
ACCTGTCGTCGTGATT-1_1,LC_ER+_Foxa1
ACCTGTCGTTAGAGAT-1_1,LC_ER-_LuP
ACGATGTAGGTAATCA-1_1,LC_ER-_LuP
ACGATGTCACTACCCT-1_1,LC_ER+_Foxa1
ACGGAAGGTCACCTTC-1_1,LC_ER-_LuP
ACGGAAGGTCGAAACG-1_1,LC_ER-_LuP
ACGGGTCAGAGCATAT-1_1,LC_ER+_Foxa1
ACGGTCGAGTAGTCTC-1_1,LC_ER+_Foxa1
ACGGTTACAGATCACT-1_1,Myo
ACGGTTAGTCATCCGG-1_1,LC_ER-_LuP
ACGGTTAGTTCTTCAT-1_1,LC_ER-_LuP
ACGGTTATCTACGCAA-1_1,LC_ER+_Foxa1
ACGTAACTCTCCCTAG-1_1,LC_ER+_Foxa1
ACGTCCTAGTAGACAT-1_1,LC_ER-_LuP
ACGTCCTGTCTTGAAC-1_1,LC_ER+_Foxa1
ACGTTCCAGTTCCGTA-1_1,Myo
ACGTTCCTCTCTAGGA-1_1,LC_ER-_LuP
ACTATGGAGCTAATCC-1_1,LC_ER-_LuP
ACTATTCAGGTGAGAA-1_1,LC_ER+_Foxa1
ACTATTCAGTAAATGC-1_1,LC_ER+_Foxa1
ACTATTCGTTGCTTGA-1_1,LC_ER-_LuP
ACTATTCTCGACGATT-1_1,LC_ER-_LuP
ACTATTCTCGGTCGGT-1_1,LC_ER-_LaP
ACTCCCACAGGTCCCA-1_1,LC_ER-_LuP
ACTCCCAGTCTGTGGC-1_1,LC_ER-_LuP
ACTCCCATCGATCCCT-1_1,LC_ER-_LuP
ACTCTCGAGGTCGAGT-1_1,LC_ER-_LuP
ACTCTCGTCGTTCATT-1_1,LC_ER-_LuP
ACTGCAATCGGAGCAA-1_1,LC_ER-_LuP
ACTGTCCAGTGGAAGA-1_1,Myo
ACTGTCCGTCTCAAGT-1_1,LC_ER+_Foxa1
ACTTAGGCACCTCAGG-1_1,LC_ER+_Foxa1
ACTTAGGCATTAGGAA-1_1,LC_ER-_LaP
ACTTATCAGCCACCGT-1_1,LC_ER+_Foxa1
ACTTCGCAGTCAGGGT-1_1,LC_ER-_LuP
ACTTCGCGTCCGGCAT-1_1,LC_ER-_LuP
ACTTTCAAGTAGACCG-1_1,LC_ER-_LuP
ACTTTCAGTATGTGTC-1_1,LC_ER+_Foxa1
ACTTTGTGTGCCCTTT-1_1,LC_ER+_Foxa1
ACTTTGTTCTAATTCC-1_1,LC_ER-_LuP
AGAAATGTCACGAACT-1_1,LC_ER+_Foxa1
AGAACAAGTCCAGCCA-1_1,LC_ER-_LuP
AGAACAATCGTAACAC-1_1,LC_ER+_Foxa1
AGAACCTTCACTGCTC-1_1,Myo
AGAAGCGAGACATATG-1_1,Myo
AGAAGCGCACTTCTCG-1_1,LC_ER-_LuP
AGAAGCGCAGACATCT-1_1,LC_ER-_LuP
AGAAGTACATGGACAG-1_1,LC_ER+_Foxa1
AGACAAAGTATGGAAT-1_1,Myo
AGACAGGTCATTGAGC-1_1,LC_ER+_Foxa1
AGACCATAGTCACTGT-1_1,LC_ER+_Foxa1
AGACCATCACTCTGCT-1_1,LC_ER+_Foxa1
AGACCCGGTACCGCGT-1_1,Myo
AGACTCAGTAGACGGT-1_1,Myo
AGAGAATAGCACCGAA-1_1,LC_ER+_Foxa1
AGAGAATCAGACCGCT-1_1,Myo
AGAGAATTCGCCAGTG-1_1,LC_ER+_Foxa1
AGAGAATTCGTAGTGT-1_1,LC_ER-_LuP
AGAGCAGGTGATCATC-1_1,LC_ER-_LuP
AGAGCCCAGCTCGAAG-1_1,Myo
AGAGCCCCAAGCACCC-1_1,LC_ER-_LuP
AGAGCCCTCGAGAAAT-1_1,LC_ER-_LuP
AGATAGAGTCGTTGCG-1_1,LC_ER+_Foxa1
AGATCGTGTGAGCAGT-1_1,LC_ER+_Foxa1
AGATCGTTCCGCGGAT-1_1,LC_ER+_Foxa1
AGATGAAGTATCAAGA-1_1,LC_ER-_LuP
AGATGAAGTCCAAAGG-1_1,LC_ER-_LuP
AGATGAATCATGAGGG-1_1,LC_ER+_Foxa1
AGATGCTCAAATGAGT-1_1,LC_ER-_LuP
AGATGCTGTACCGTCG-1_1,LC_ER+_Foxa1
AGCCAATCAACTCCCT-1_1,LC_ER+_Foxa1
AGCCAATGTGTGAGCA-1_1,LC_ER-_LuP
AGCCACGAGAGCAGAA-1_1,LC_ER+_Foxa1
AGCCACGAGTATGATG-1_1,Myo
AGCCAGCCATCGGCCA-1_1,Myo
AGCCAGCGTTCCAAAC-1_1,LC_ER-_LuP
AGCCAGCTCCCAGGCA-1_1,LC_ER+_Foxa1
AGCGCCAAGGTAGGCT-1_1,LC_ER-_LuP
AGCGCTGAGCTAAGTA-1_1,LC_ER+_Foxa1
AGCGCTGAGTGGCCTC-1_1,LC_ER-_LuP
AGCGCTGCAATCGCAT-1_1,LC_ER-_LuP
AGCGCTGTCTGTTCAT-1_1,Myo
AGCGTATAGAGGGTGG-1_1,Myo
AGCGTATTCGTTCGCT-1_1,Myo
AGCGTCGCATTCTCTA-1_1,Myo
AGCTACATCCCTTGGT-1_1,LC_ER+_Foxa1
AGCTCAAGTATGACAA-1_1,LC_ER+_Foxa1
AGCTCAATCCGAAATC-1_1,LC_ER+_Foxa1
AGCTCAATCCTGCTAC-1_1,LC_ER+_Foxa1
AGCTCAATCGTGGAAG-1_1,LC_ER+_Foxa1
AGCTTCCCACTTGAAC-1_1,LC_ER-_LaP
AGGAAATAGAGGGTCT-1_1,LC_ER-_LuP
AGGAAATAGCACTCAT-1_1,LC_ER-_LuP
AGGAATAGTCAGACGA-1_1,LC_ER+_Foxa1
AGGAATATCGTTCGCT-1_1,LC_ER-_LuP
AGGAATATCTAGACCA-1_1,LC_ER-_LuP
AGGACTTAGCACGATG-1_1,LC_ER-_LuP
AGGACTTAGCTGAGTG-1_1,LC_ER+_Foxa1
AGGACTTGTGGGCTCT-1_1,Myo
AGGAGGTGTGATGGCA-1_1,Myo
AGGAGGTTCGCTAGCG-1_1,LC_ER-_LuP
AGGATCTAGCACGATG-1_1,LC_ER-_LuP
AGGATCTTCAACGCTA-1_1,LC_ER+_Foxa1
AGGCATTGTCACTAGT-1_1,LC_ER+_Foxa1
AGGCATTGTCCAAATC-1_1,LC_ER-_LuP
AGGCATTTCGTCTAAG-1_1,LC_ER-_LuP
AGGCCACGTTTACCTT-1_1,LC_ER+_Foxa1
AGGGAGTAGCCAGACA-1_1,LC_ER+_Foxa1
AGGGCCTAGTTACGGG-1_1,LC_ER+_Foxa1
AGGGCCTGTGGAACCA-1_1,LC_ER+_Sca1
AGGGCCTGTGTAGTGG-1_1,LC_ER+_Foxa1
AGGGCTCAGCAACAAT-1_1,LC_ER+_Foxa1
AGGGCTCCAATGTGGG-1_1,Myo
AGGGCTCCAGTAGATA-1_1,LC_ER+_Foxa1
AGGGCTCTCTAGGAAA-1_1,LC_ER+_Foxa1
AGGGTCCCATCCCACT-1_1,LC_ER-_LuP
AGGGTGACAGTCACGC-1_1,LC_ER-_LuP
AGGTAGGAGGAATTAC-1_1,LC_ER-_LaP
AGGTAGGGTTTGACAC-1_1,LC_ER+_Foxa1
AGGTAGGTCTCTGAGA-1_1,LC_ER-_LuP
AGGTCATAGTTGTAAG-1_1,LC_ER-_LaP
AGGTCTACAGCTATTG-1_1,LC_ER+_Foxa1
AGGTGTTAGTTGCCTA-1_1,LC_ER+_Foxa1
AGGTTACGTCAGTTTG-1_1,LC_ER-_LuP
AGGTTGTAGGACTGGT-1_1,LC_ER-_LuP
AGGTTGTAGTCTGCGC-1_1,Myo
AGGTTGTCATACCGTA-1_1,LC_ER+_Foxa1
AGTAACCAGACTGTTC-1_1,LC_ER+_Foxa1
AGTAACCCACAGCCTG-1_1,LC_ER+_Foxa1
AGTACCATCGTTGCCT-1_1,LC_ER+_Foxa1
AGTCAACAGATGACAT-1_1,LC_ER+_Foxa1
AGTCACAAGGTTAGTA-1_1,LC_ER-_LuP
AGTCACAGTATTCTCT-1_1,LC_ER+_Foxa1
AGTCTCCCATCGGTTA-1_1,LC_ER-_LuP
AGTGACTTCAGACCCG-1_1,Myo
AGTGATCCACACTTAG-1_1,LC_ER-_LuP
AGTGATCCACTGGATT-1_1,LC_ER+_Foxa1
AGTGATCGTGAGGATC-1_1,LC_ER-_LuP
AGTGATCTCATGGAGG-1_1,LC_ER-_LuP
AGTGCCGTCGGATACT-1_1,LC_ER-_LuP
AGTGCCGTCTGGGAGA-1_1,LC_ER-_LuP
AGTGTTGCAGTAGATA-1_1,LC_ER-_LuP
AGTGTTGGTAACACGG-1_1,LC_ER-_LuP
AGTGTTGTCCTTCACG-1_1,LC_ER-_LuP
AGTTAGCAGCACACAG-1_1,Myo
AGTTAGCAGTAACAGT-1_1,LC_ER+_Foxa1
AGTTAGCCACTGTGTA-1_1,LC_ER-_LuP
AGTTAGCGTGAATAAC-1_1,LC_ER+_Foxa1
AGTTAGCGTGACGTCC-1_1,Myo
AGTTCCCCAATGGCCC-1_1,LC_ER+_Foxa1
AGTTCCCCACATCATG-1_1,LC_ER-_LuP
AGTTCGAAGAGGATCC-1_1,Myo
AGTTCGACAGCATGCC-1_1,LC_ER+_Foxa1
ATACCGAGTAATACCC-1_1,Myo
ATACCGATCATGCCGG-1_1,LC_ER-_LuP
ATACCTTCACAAGCAG-1_1,Myo
ATACCTTGTAGATCCT-1_1,LC_ER-_LuP
ATACCTTGTGGGACAT-1_1,LC_ER-_LuP
ATAGAGACATGGGTCC-1_1,Myo
ATCACAGAGCGACAGT-1_1,LC_ER-_LaP
ATCACAGCATTGACTG-1_1,LC_ER-_LuP
ATCACGACACGTGAGA-1_1,LC_ER+_Foxa1
ATCACGATCGCAGTTA-1_1,LC_ER-_LuP
ATCACTTTCAACCTTT-1_1,LC_ER-_LuP
ATCATTCAGACAACAT-1_1,LC_ER+_Foxa1
ATCCACCAGACCTTTG-1_1,LC_ER-_LuP
ATCCACCAGGATTTGA-1_1,LC_ER-_LuP
ATCCACCAGTGGACTG-1_1,LC_ER+_Foxa1
ATCCACCTCTCTGCCA-1_1,LC_ER-_LaP
ATCCATTCACTTTATC-1_1,Myo
ATCCATTGTTGTCCCT-1_1,LC_ER-_LuP
ATCCCTGGTCGCAGTC-1_1,LC_ER-_LuP
ATCCTATTCGTCAGAT-1_1,LC_ER+_Foxa1
ATCGGATCACTCTGCT-1_1,LC_ER-_LuP
ATCGGATGTCTCCCTA-1_1,LC_ER+_Foxa1
ATCGTCCAGAATCTAG-1_1,LC_ER+_Foxa1
ATCGTCCCACGTCATA-1_1,LC_ER+_Foxa1
ATCGTGAGTTCCGCAG-1_1,LC_ER+_Foxa1
ATCTCTAAGGATTTGA-1_1,LC_ER-_LuP
ATCTTCACAAACGTGG-1_1,LC_ER-_LuP
ATCTTCAGTCAACCTA-1_1,LC_ER-_LuP
ATCTTCATCTACTGAG-1_1,Myo
ATGAAAGTCGTCGATA-1_1,Myo
ATGAGGGTCTGAGATC-1_1,LC_ER-_LuP
ATGAGTCCATGGGATG-1_1,LC_ER+_Foxa1
ATGAGTCTCAGCTTCC-1_1,LC_ER+_Foxa1
ATGCATGAGACGCCAA-1_1,LC_ER+_Foxa1
ATGCGATCACCCTCTA-1_1,LC_ER-_LuP
ATGGAGGAGGACACTG-1_1,LC_ER+_Foxa1
ATGGAGGCAGCGGTCT-1_1,LC_ER+_Foxa1
ATGGATCAGTGTGTTC-1_1,Myo
ATGGGTTGTTATAGCC-1_1,LC_ER+_Foxa1
ATGGGTTTCCATTTGT-1_1,LC_ER-_LuP
ATGGTTGAGAAACTCA-1_1,LC_ER-_LuP
ATGTCCCGTGATAGTA-1_1,Myo
ATGTCCCTCTATACTC-1_1,LC_ER-_LuP
ATGTCTTGTCCTGAAT-1_1,LC_ER-_LuP
ATGTCTTTCGCTCCTA-1_1,LC_ER+_Foxa1
ATTATCCAGATTGATG-1_1,LC_ER-_LuP
ATTATCCCACGAGAAC-1_1,LC_ER+_Foxa1
ATTCACTGTGCATTTG-1_1,LC_ER-_LuP
ATTCACTGTTTAGACC-1_1,LC_ER+_Foxa1
ATTCACTTCGGTTGTA-1_1,LC_ER-_LuP
ATTCAGGAGGTAGTCG-1_1,LC_ER-_LuP
ATTCAGGAGTGTTCCA-1_1,LC_ER-_LuP
ATTCATCGTGCACGCT-1_1,LC_ER+_Foxa1
ATTCATCTCCTAAGTG-1_1,LC_ER-_LaP
ATTCCCGTCGCCTTGT-1_1,LC_ER-_LuP
ATTCCCGTCGGCCCAA-1_1,LC_ER+_Foxa1
ATTCCCGTCTATGTGG-1_1,LC_ER-_LuP
ATTCCTAAGACTTAAG-1_1,Myo
ATTCCTACAGTAGGAC-1_1,LC_ER-_LuP
ATTCCTATCCGAGATT-1_1,LC_ER+_Foxa1
ATTCCTATCCTTGACC-1_1,LC_ER-_LuP
ATTCTACAGCTGCCTG-1_1,LC_ER+_Foxa1
ATTCTACGTTAAGAAC-1_1,LC_ER+_Foxa1
ATTCTTGCAGCTACTA-1_1,LC_ER+_Foxa1
ATTCTTGTCGTCGCTT-1_1,LC_ER-_LuP
ATTGGGTAGTATTGCC-1_1,LC_ER+_Foxa1
ATTGGGTCAAGTTCCA-1_1,LC_ER-_LuP
ATTGGGTCATGACTCA-1_1,LC_ER-_LuP
ATTGTTCAGTTTGTCG-1_1,LC_ER-_LuP
ATTGTTCCAACCACAT-1_1,LC_ER+_Foxa1
ATTTACCGTACTAACC-1_1,Myo
ATTTCACAGCAGGCTA-1_1,LC_ER+_Foxa1
ATTTCACCAGGAACCA-1_1,LC_ER-_LuP
ATTTCACCAGGCGATA-1_1,LC_ER-_LuP
ATTTCTGAGGTCACTT-1_1,LC_ER+_Foxa1
ATTTCTGAGTAGCAAT-1_1,LC_ER+_Foxa1
CAAAGAATCCTCGATC-1_1,LC_ER-_LuP
CAACAGTCAAGCGAGT-1_1,LC_ER+_Foxa1
CAACCAATCACCTGTC-1_1,LC_ER+_Foxa1
CAACCTCGTATGGGAC-1_1,LC_ER-_LuP
CAACGATCAAAGGTTA-1_1,LC_ER-_LuP
CAACGATGTCCATCTC-1_1,LC_ER+_Foxa1
CAACGATTCGGAATTC-1_1,LC_ER-_LuP
CAAGAGGGTCCTGGTG-1_1,LC_ER+_Foxa1
CAAGCTACAAACCATC-1_1,LC_ER+_Foxa1
CAAGCTAGTGGGCTCT-1_1,LC_ER+_Foxa1
CAATCGAAGAAGTCTA-1_1,LC_ER-_LuP
CAATCGACAGTCCCGA-1_1,LC_ER+_Foxa1
CACACAACATAATCGC-1_1,Myo
CACAGATCATAGTCGT-1_1,LC_ER+_Foxa1
CACAGGCCATGACGTT-1_1,LC_ER-_LuP
CACCAAACAGGAGACT-1_1,LC_ER+_Foxa1
CACGAATAGGGCCTCT-1_1,LC_ER+_Foxa1
CACGAATCAATCCTAG-1_1,LC_ER-_LuP
CACGAATGTTATTCTC-1_1,Myo
CACGGGTAGTTCTCTT-1_1,LC_ER-_LuP
CACGGGTTCCGTAATG-1_1,LC_ER-_LuP
CACGTGGAGAGTCAGC-1_1,LC_ER-_LuP
CACGTGGCATAATGCC-1_1,LC_ER-_LuP
CACGTGGTCTCAACCC-1_1,LC_ER-_LuP
CACGTTCGTGTCCGTG-1_1,LC_ER-_LuP
CACGTTCTCGGTCATA-1_1,LC_ER+_Foxa1
CACTAAGAGAGCAGTC-1_1,Myo
CACTAAGGTAGGTTTC-1_1,LC_ER+_Foxa1
CACTAAGTCTGCCCTA-1_1,LC_ER-_LuP
CACTGAAAGTCGCCCA-1_1,LC_ER-_LuP
CACTGAACAGTCACGC-1_1,LC_ER+_Foxa1
CACTGAAGTGTATACC-1_1,Myo
CACTGGGCAGCTCGGT-1_1,LC_ER-_LuP
CACTGGGGTTAAGGGC-1_1,LC_ER+_Foxa1
CACTGTCAGCCTATTG-1_1,LC_ER-_LuP
CACTGTCTCATTCTTG-1_1,LC_ER-_LuP
CAGAGCCAGAAGGTAG-1_1,LC_ER-_LuP
CAGATACAGCGGACAT-1_1,LC_ER+_Foxa1
CAGATACTCGATTGAC-1_1,LC_ER+_Foxa1
CAGATCAAGCCTCCAG-1_1,LC_ER+_Foxa1
CAGCAATAGCACGTCC-1_1,Myo
CAGCAATGTGCTCGTG-1_1,LC_ER-_LuP
CAGCACGGTTATCCAG-1_1,Myo
CAGCAGCCACGACGCT-1_1,LC_ER-_LuP
CAGCCAGCACGACGAA-1_1,Myo
CAGCCAGTCTGGAAGG-1_1,Myo
CAGCGTGAGGTGGTTG-1_1,LC_ER-_LuP
CAGGCCACACCCTAAA-1_1,Myo
CAGGCCATCCGTCACT-1_1,LC_ER+_Foxa1
CAGGGCTAGCTCCGAC-1_1,LC_ER-_LuP
CAGTGCGCAACTGCTA-1_1,LC_ER-_LuP
CAGTGCGCAAGAAACT-1_1,LC_ER+_Foxa1
CAGTTCCGTGATTAGA-1_1,Myo
CATAAGCCAACAGAGC-1_1,LC_ER+_Foxa1
CATACAGAGTGCAGGT-1_1,LC_ER-_LaP
CATACAGCAGGCTATT-1_1,LC_ER-_LuP
CATACAGGTTCGGTCG-1_1,LC_ER-_LuP
CATACCCAGCTGTACT-1_1,LC_ER+_Foxa1
CATACCCCAACCGCCA-1_1,Myo
CATCAAGGTACAAAGT-1_1,LC_ER-_LuP
CATCCGTGTTATTCCT-1_1,LC_ER-_LuP
CATCGCTAGGGAGATA-1_1,LC_ER+_Foxa1
CATCGCTGTTGCCAAT-1_1,LC_ER-_LuP
CATCGCTTCCTCACTG-1_1,Myo
CATCGGGAGAAACTCA-1_1,LC_ER+_Foxa1
CATCGGGAGATTGATG-1_1,LC_ER+_Foxa1
CATCGTCGTTGCACGC-1_1,LC_ER-_LuP
CATGAGTCAATCTCTT-1_1,LC_ER-_LuP
CATGCAAAGACATAAC-1_1,LC_ER-_LuP
CATGCAACAGAGAATT-1_1,LC_ER+_Foxa1
CATGCCTGTTCTTGTT-1_1,LC_ER+_Foxa1
CATGCTCGTGAACTAA-1_1,LC_ER-_LuP
CATGCTCTCAAGCTTG-1_1,Myo
CATGGATCACAAAGTA-1_1,LC_ER-_LuP
CATGGATCAGACCAAG-1_1,LC_ER-_LuP
CATGGTATCCGTAATG-1_1,LC_ER+_Foxa1
CATTCATGTATGGTTC-1_1,LC_ER+_Foxa1
CATTCATTCTACCTTA-1_1,LC_ER-_LaP
CATTCCGCACAAGGTG-1_1,LC_ER+_Foxa1
CATTCTACAAATGATG-1_1,LC_ER-_LuP
CATTCTATCTTGAACG-1_1,Myo
CATTGAGAGAATCCCT-1_1,LC_ER-_LuP
CATTGAGCATCCGATA-1_1,LC_ER-_LuP
CATTGAGGTACGCGTC-1_1,LC_ER+_Foxa1
CATTGAGGTGGTCCCA-1_1,LC_ER-_LuP
CATTGCCGTGGCTTGC-1_1,Myo
CATTGCCTCACCATAG-1_1,Myo
CATTTCAAGGCGAAGG-1_1,LC_ER+_Foxa1
CATTTCAGTCCGGTGT-1_1,LC_ER-_LuP
CCAAGCGTCAAGGAGC-1_1,LC_ER+_Foxa1
CCAATGACACATTACG-1_1,LC_ER-_LuP
CCAATGATCCCTTTGG-1_1,Myo
CCAATTTAGTAAAGCT-1_1,Myo
CCAATTTCATACCAGT-1_1,LC_ER+_Foxa1
CCACAAAAGGGTGAGG-1_1,Myo
CCACAAATCTAGTACG-1_1,LC_ER-_LuP
CCACACTCACTATCCC-1_1,LC_ER-_LuP
CCACCATAGCGTTGTT-1_1,LC_ER+_Foxa1
CCACCATCAGAGGCTA-1_1,LC_ER-_LuP
CCACGTTAGTGGTTGG-1_1,LC_ER-_LuP
CCACGTTCAAAGCTAA-1_1,LC_ER-_LuP
CCACGTTCATGCCGGT-1_1,Myo
CCACGTTTCTGCTAGA-1_1,LC_ER-_LuP
CCACTTGAGCGTTCCG-1_1,LC_ER+_Foxa1
CCACTTGAGGAGGTTC-1_1,Myo
CCACTTGCATGGGATG-1_1,LC_ER+_Foxa1
CCACTTGTCATCTCTA-1_1,LC_ER-_LuP
CCACTTGTCGGTGCAC-1_1,LC_ER-_LuP
CCATAAGTCCACGTAA-1_1,LC_ER+_Foxa1
CCATCACCATTGACTG-1_1,LC_ER-_LuP
CCCAACTTCCGAGATT-1_1,LC_ER+_Foxa1
CCCAACTTCTTCGATT-1_1,LC_ER+_Foxa1
CCCATTGAGAGAACCC-1_1,LC_ER-_LuP
CCCATTGAGTCTGTAC-1_1,Myo
CCCATTGCATAGTCGT-1_1,LC_ER+_Foxa1
CCCATTGGTAACAGTA-1_1,LC_ER-_LuP
CCCATTGGTTTGTGGT-1_1,Myo
CCCGAAGAGTAGAGTT-1_1,LC_ER+_Foxa1
CCCGGAAAGTTACTCG-1_1,LC_ER+_Foxa1
CCCGGAATCTATTCGT-1_1,LC_ER-_LuP
CCCTCAAAGCTAAACA-1_1,LC_ER-_LuP
CCCTGATGTCCTCCAT-1_1,Myo
CCCTGATTCCATTCGC-1_1,LC_ER+_Foxa1
CCGAACGTCGTGGAAG-1_1,LC_ER+_Sca1
CCGATCTTCTAGTGTG-1_1,LC_ER+_Foxa1
CCGCAAGAGGCTTTCA-1_1,LC_ER+_Foxa1
CCGCAAGGTGTTGACT-1_1,LC_ER+_Foxa1
CCGCAAGTCATCGCCT-1_1,LC_ER-_LuP
CCGGACAGTACCTATG-1_1,LC_ER+_Foxa1
CCGGGTAGTGGCTTGC-1_1,LC_ER-_LuP
CCGGGTATCAAGCCAT-1_1,LC_ER-_LuP
CCGGTAGAGAGGTTAT-1_1,LC_ER-_LuP
CCGGTAGCATCAGTGT-1_1,LC_ER-_LaP
CCGTAGGTCACGAACT-1_1,LC_ER-_LuP
CCGTAGGTCATCGCCT-1_1,LC_ER-_LuP
CCGTGAGAGAACAAGG-1_1,Myo
CCGTTCACAACTCCCT-1_1,LC_ER+_Foxa1
CCGTTCATCAGATTGC-1_1,Myo
CCTAACCGTGAAGCTG-1_1,Myo
CCTAAGACAAAGCTCT-1_1,LC_ER-_LuP
CCTAAGAGTTAGTTCG-1_1,LC_ER-_LuP
CCTAAGATCAAGCCGC-1_1,LC_ER+_Foxa1
CCTACGTGTTTGTGGT-1_1,LC_ER+_Foxa1
CCTATCGCAGTCCCGA-1_1,LC_ER-_LuP
CCTATCGGTCGGAACA-1_1,LC_ER-_LuP
CCTCACAAGGTCGTGA-1_1,LC_ER-_LuP
CCTCATGAGAAATCCA-1_1,LC_ER-_LuP
CCTCCAATCACTGCTC-1_1,Myo
CCTCCTCAGTCGAGGT-1_1,LC_ER-_LuP
CCTCCTCCAGCTCTGG-1_1,LC_ER-_LuP
CCTCCTCGTGCATTTG-1_1,Myo
CCTCTAGAGAGCGACT-1_1,LC_ER+_Foxa1
CCTCTCCAGATACATG-1_1,LC_ER-_LuP
CCTGCATAGTGGTGGT-1_1,LC_ER-_LaP
CCTGCATGTGACTGAG-1_1,LC_ER-_LuP
CCTGTTGAGAGAAGGT-1_1,LC_ER-_LuP
CCTTCAGAGGAAGAAC-1_1,LC_ER-_LuP
CCTTGTGCATATCTCT-1_1,LC_ER+_Foxa1
CCTTTGGGTATCAGGG-1_1,LC_ER-_LuP
CCTTTGGGTTCGTAAC-1_1,Myo
CCTTTGGTCATCACAG-1_1,LC_ER-_LuP
CGAAGGATCCGTGTGG-1_1,Myo
CGAATTGGTGTTAGCT-1_1,LC_ER+_Foxa1
CGACAGCCACGTGTGC-1_1,LC_ER-_LuP
CGAGAAGCAACTCATG-1_1,LC_ER+_Foxa1
CGAGAAGGTCGTTGCG-1_1,LC_ER+_Foxa1
CGAGAAGGTGCTAGCC-1_1,LC_ER-_LuP
CGAGAAGTCGAGTGGA-1_1,LC_ER-_LuP
CGAGGAAAGCCGCACT-1_1,LC_ER-_LuP
CGAGGAATCCTATTGT-1_1,LC_ER-_LuP
CGAGGCTAGAGCAGAA-1_1,LC_ER-_LuP
CGAGTGCTCCTGGCTT-1_1,LC_ER-_LuP
CGAGTTAGTATAGGAT-1_1,LC_ER-_LuP
CGAGTTAGTGTACAGG-1_1,LC_ER-_LuP
CGAGTTATCCGTGTGG-1_1,LC_ER-_LuP
CGATCGGAGACCTTTG-1_1,LC_ER+_Foxa1
CGCAGGTAGAGCTGAC-1_1,LC_ER+_Foxa1
CGCAGGTAGAGTTGCG-1_1,LC_ER-_LuP
CGCATAAAGCTAGTTC-1_1,LC_ER-_LuP
CGCATGGAGCGTTGTT-1_1,LC_ER+_Foxa1
CGCATGGGTCTGTAAC-1_1,Myo
CGCATGGTCGAAGTGG-1_1,Myo
CGCGTGAGTGGCTACC-1_1,LC_ER-_LuP
CGCGTGAGTTGGACTT-1_1,Myo
CGGAACCCAAGACTGG-1_1,Myo
CGGAATTTCCTACTGC-1_1,LC_ER-_LuP
CGGACACAGACTAGAT-1_1,LC_ER+_Foxa1
CGGACACTCTGGCTGG-1_1,LC_ER+_Foxa1
CGGACACTCTTCCAGC-1_1,LC_ER-_LuP
CGGCAGTAGATTAGCA-1_1,LC_ER-_LuP
CGGGACTTCTAACGGT-1_1,LC_ER-_LuP
CGGGACTTCTATACGG-1_1,LC_ER-_LuP
CGGGCATGTTGCGGAA-1_1,LC_ER-_LuP
CGGGTCAAGCAACTTC-1_1,LC_ER-_LuP
CGGGTCACAGTGTGGA-1_1,LC_ER+_Foxa1
CGGGTCATCCGTAGGC-1_1,LC_ER-_LuP
CGGGTGTCACTCATAG-1_1,LC_ER-_LuP
CGGGTGTTCCTCACCA-1_1,LC_ER+_Foxa1
CGGGTGTTCGTCCTCA-1_1,LC_ER+_Foxa1
CGGTCAGAGACTGGGT-1_1,LC_ER+_Foxa1
CGTAAGTAGACCTCAT-1_1,LC_ER+_Foxa1
CGTAAGTGTTCGTGCG-1_1,LC_ER+_Foxa1
CGTAAGTTCCAAATGC-1_1,LC_ER+_Foxa1
CGTAAGTTCGCCACTT-1_1,Myo
CGTAATGAGGCTTCCG-1_1,LC_ER-_LuP
CGTAATGAGGTAGCAC-1_1,LC_ER+_Foxa1
CGTAATGCACGTGTGC-1_1,Myo
CGTAATGGTGATACAA-1_1,LC_ER-_LuP
CGTAGTATCCCTCAAC-1_1,LC_ER-_LuP
CGTAGTATCTTGGTCC-1_1,LC_ER-_LuP
CGTCAAACATCATCCC-1_1,Myo
CGTCCATAGATACCAA-1_1,LC_ER+_Foxa1
CGTCCATAGCTCCCTT-1_1,LC_ER+_Foxa1
CGTCCATAGGGCGAAG-1_1,LC_ER-_LuP
CGTGAATAGTATAGGT-1_1,LC_ER+_Foxa1
CGTGATAGTCCGGTCA-1_1,LC_ER-_LuP
CGTGATATCCTTCGAC-1_1,LC_ER-_LuP
CGTGCTTAGTGAGGTC-1_1,LC_ER+_Foxa1
CGTGTCTAGGTCATCT-1_1,Myo
CGTGTCTCACCCTTAC-1_1,LC_ER+_Foxa1
CGTGTCTCAGGGACTA-1_1,LC_ER+_Foxa1
CGTGTCTTCAGTGTCA-1_1,Myo
CGTTCTGAGGAAAGTG-1_1,LC_ER-_LuP
CGTTCTGGTACACGTT-1_1,LC_ER-_LuP
CGTTCTGGTGCCTAAT-1_1,Myo
CGTTGGGCAAATGCGG-1_1,LC_ER-_LuP
CGTTGGGCAAGTTCCA-1_1,LC_ER+_Foxa1
CTAACCCAGAAGTCTA-1_1,LC_ER-_LuP
CTAAGTGGTACCGTCG-1_1,LC_ER+_Foxa1
CTACAGAAGGTTAGTA-1_1,Myo
CTACATTAGCGACATG-1_1,LC_ER-_LuP
CTACATTAGCGTTCCG-1_1,LC_ER+_Foxa1
CTACATTGTAGAGGAA-1_1,LC_ER+_Foxa1
CTACATTTCTACTCAT-1_1,LC_ER+_Foxa1
CTACCCAGTCACATTG-1_1,LC_ER+_Foxa1
CTACGGGAGGTAAACT-1_1,LC_ER-_LuP
CTACGGGCAGGTGAGT-1_1,LC_ER-_LuP
CTACGGGCATTAAGCC-1_1,LC_ER+_Foxa1
CTACGGGGTTGGATCT-1_1,Myo
CTACTATCACAATGAA-1_1,LC_ER-_LaP
CTAGACACAACAGATA-1_1,LC_ER-_LuP
CTAGACAGTAGGGTAC-1_1,LC_ER-_LuP
CTAGGTAAGTAGTCTC-1_1,Myo
CTATAGGAGCAGTACG-1_1,LC_ER+_Foxa1
CTATAGGTCTATTCGT-1_1,LC_ER+_Foxa1
CTATAGGTCTGAGGCC-1_1,LC_ER+_Foxa1
CTATCCGAGCAGGCTA-1_1,LC_ER-_LuP
CTATCTACAAAGCAAT-1_1,Myo
CTATCTACACCGCTAG-1_1,LC_ER-_LuP
CTCAACCCAACGGCTC-1_1,Myo
CTCAACCCAGGCAATG-1_1,LC_ER+_Foxa1
CTCAGAACAAGCGAGT-1_1,LC_ER-_LuP
CTCAGAATCAGGTGTT-1_1,LC_ER+_Foxa1
CTCAGGGGTAGCGATG-1_1,LC_ER+_Foxa1
CTCATCGTCTTCCACG-1_1,LC_ER+_Foxa1
CTCATCGTCTTTCCGG-1_1,LC_ER-_LuP
CTCATGCTCCGCAACG-1_1,LC_ER-_LuP
CTCATTAAGTAACAGT-1_1,LC_ER-_LuP
CTCATTACATTAAAGG-1_1,LC_ER-_LuP
CTCATTATCCTCAGGG-1_1,LC_ER+_Foxa1
CTCCAACAGGTATTGA-1_1,LC_ER-_LuP
CTCCACACACCCAAGC-1_1,LC_ER+_Foxa1
CTCCACAGTAACTGCT-1_1,LC_ER+_Foxa1
CTCCATGTCAATGCAC-1_1,Myo
CTCCCAAAGCCACAAG-1_1,LC_ER+_Foxa1
CTCCCAATCTTTACAC-1_1,LC_ER+_Foxa1
CTCCCTCCATGAGAAT-1_1,LC_ER-_LuP
CTCCCTCCATGGCCCA-1_1,LC_ER+_Foxa1
CTCCCTCGTCACGCTG-1_1,LC_ER-_LuP
CTCCCTCGTTAGCTAC-1_1,LC_ER-_LaP
CTCCGATAGAATCGCG-1_1,LC_ER-_LuP
CTCCGATGTTGACTGT-1_1,LC_ER-_LaP
CTCCTCCCATGGACAG-1_1,LC_ER+_Foxa1
CTCCTCCTCAAGTTGC-1_1,LC_ER+_Foxa1
CTCCTTTAGACATATG-1_1,LC_ER+_Foxa1
CTCGAGGAGTATGAAC-1_1,LC_ER+_Foxa1
CTCGAGGCACGAGAAC-1_1,LC_ER-_LuP
CTCGAGGCATCATGAC-1_1,LC_ER-_LuP
CTCTCAGGTCAGATTC-1_1,LC_ER-_LuP
CTCTCGAGTCTTTATC-1_1,LC_ER-_LuP
CTCTCGATCTACCTTA-1_1,LC_ER-_LaP
CTCTGGTAGCACTCAT-1_1,LC_ER-_LuP
CTCTGGTGTACTGAGG-1_1,LC_ER-_LuP
CTGAATGGTTACGATC-1_1,LC_ER-_LuP
CTGAATGTCCATGAGT-1_1,LC_ER-_LuP
CTGAATGTCCTACGAA-1_1,LC_ER+_Foxa1
CTGATCCAGGACAGTC-1_1,LC_ER+_Foxa1
CTGATCCGTCGCACAC-1_1,LC_ER+_Foxa1
CTGCAGGAGCGACTAG-1_1,LC_ER-_LuP
CTGCAGGAGGTGCTTT-1_1,LC_ER-_LuP
CTGCAGGCATTAGGCT-1_1,LC_ER-_LuP
CTGCAGGGTCTGCATA-1_1,LC_ER+_Foxa1
CTGCAGGTCACCCATC-1_1,LC_ER-_LuP
CTGCATCAGTCATACC-1_1,LC_ER-_LuP
CTGCATCCATCGCTCT-1_1,LC_ER+_Foxa1
CTGCCTAAGGTAGCCA-1_1,LC_ER+_Foxa1
CTGCCTAGTGAATATG-1_1,LC_ER-_LuP
CTGCCTATCAGAGCAG-1_1,LC_ER+_Foxa1
CTGCCTATCATTGCCC-1_1,LC_ER+_Foxa1
CTGCGAGCATAAGCGG-1_1,LC_ER-_LuP
CTGCGAGGTTGAGTCT-1_1,LC_ER-_LuP
CTGCGAGTCGGTATGT-1_1,LC_ER-_LuP
CTGCGAGTCTGTAAGC-1_1,Myo
CTGGACGAGTTGGGAC-1_1,Myo
CTGGACGCACTGAATC-1_1,LC_ER-_LuP
CTGGACGTCCCTCATG-1_1,LC_ER-_LuP
CTGGCAGTCTTGTGCC-1_1,LC_ER+_Foxa1
CTGGTCTAGGTTGAGC-1_1,LC_ER+_Foxa1
CTGGTCTTCCAACCGG-1_1,Myo
CTGTACCAGTGGCAGT-1_1,LC_ER-_LuP
CTGTACCCAGACAAAT-1_1,Myo
CTGTACCTCCAACTAG-1_1,LC_ER+_Foxa1
CTGTAGAAGCAGTACG-1_1,LC_ER+_Foxa1
CTGTAGAGTTGAATCC-1_1,LC_ER+_Foxa1
CTGTATTAGTATCTGC-1_1,LC_ER-_LaP
CTGTCGTCAACATACC-1_1,LC_ER-_LuP
CTGTCGTCAATTGCAC-1_1,LC_ER+_Foxa1
CTGTCGTTCTGTGCGG-1_1,LC_ER+_Foxa1
CTGTGGGAGAAGAACG-1_1,LC_ER-_LuP
CTGTGGGGTCTGTGTA-1_1,LC_ER+_Foxa1
CTGTGGGGTTGTCTAG-1_1,LC_ER+_Foxa1
CTTCAATAGTCCCGAC-1_1,LC_ER+_Foxa1
CTTCAATCAAATCGTC-1_1,LC_ER+_Foxa1
CTTCAATGTAGGTGCA-1_1,LC_ER+_Foxa1
CTTCCTTAGAATCGAT-1_1,LC_ER-_LuP
CTTCGGTAGGGCCTCT-1_1,LC_ER-_LuP
CTTCGGTAGGTTGTTC-1_1,LC_ER+_Foxa1
CTTCGGTTCAAGCCAT-1_1,LC_ER+_Foxa1
CTTCTAAAGTGTTGAA-1_1,LC_ER+_Foxa1
CTTCTAACACACGGTC-1_1,LC_ER-_LuP
CTTCTAAGTCACTGAT-1_1,LC_ER-_LuP
CTTCTAAGTCGTCGGT-1_1,LC_ER+_Foxa1
CTTCTCTGTACAGAGC-1_1,LC_ER+_Foxa1
CTTGAGACAGGCGATA-1_1,LC_ER+_Foxa1
CTTGAGAGTCACTTCC-1_1,LC_ER-_LuP
CTTGAGAGTGTCCTAA-1_1,LC_ER-_LuP
CTTGAGATCGTTAGAC-1_1,LC_ER-_LaP
CTTGATTCAAGAATAC-1_1,LC_ER+_Foxa1
GAAATGAAGAGTCTTC-1_1,LC_ER-_LuP
GAAATGACAAGTTCCA-1_1,LC_ER-_LuP
GAAATGACAGGTCAAG-1_1,LC_ER+_Foxa1
GAAATGATCCGTCAAA-1_1,LC_ER-_LuP
GAAATGATCTTAATCC-1_1,LC_ER-_LuP
GAACACTGTAGATCGG-1_1,LC_ER+_Foxa1
GAACACTGTTAGTCGT-1_1,LC_ER-_LuP
GAACACTTCTCATTTG-1_1,LC_ER+_Foxa1
GAACACTTCTCGAGTA-1_1,LC_ER-_LuP
GAACGTTGTGCTTATG-1_1,LC_ER+_Foxa1
GAAGAATCATGTGGTT-1_1,LC_ER-_LuP
GAAGAATTCTGGAGAG-1_1,LC_ER-_LuP
GAAGCGATCGCGGACT-1_1,LC_ER-_LuP
GAAGGACGTTGGACTT-1_1,LC_ER-_LuP
GAAGGACGTTTATGCG-1_1,LC_ER-_LuP
GAAGGGTAGAAATGGG-1_1,LC_ER+_Foxa1
GAAGGGTAGAAGCTGC-1_1,LC_ER-_LuP
GAAGGGTTCCGATAAC-1_1,LC_ER-_LuP
GAAGTAAAGCCTCAGC-1_1,Myo
GAAGTAAAGTAAACTG-1_1,Myo
GAAGTAAGTAAGACCG-1_1,LC_ER+_Foxa1
GAATAGAGTCTGATAC-1_1,LC_ER-_LuP
GAATAGAGTGATTAGA-1_1,LC_ER+_Foxa1
GAATCACAGTCGCCCA-1_1,LC_ER+_Foxa1
GAATCGTAGGATTTGA-1_1,LC_ER+_Foxa1
GACACGCAGTATCCTG-1_1,LC_ER-_LuP
GACACGCGTTCCTACC-1_1,LC_ER+_Foxa1
GACACGCGTTTAGTCG-1_1,LC_ER+_Foxa1
GACACGCTCATCGACA-1_1,LC_ER-_LuP
GACCCAGAGCGTCTGC-1_1,LC_ER-_LuP
GACCCTTAGACCTTTG-1_1,LC_ER-_LuP
GACCCTTCAACCTAAC-1_1,LC_ER-_LuP
GACCGTGGTTCCTACC-1_1,LC_ER-_LaP
GACGCTGCAAATTGCC-1_1,Myo
GACGTTAAGGAAAGGT-1_1,LC_ER+_Foxa1
GACTATGAGTGGTTAA-1_1,LC_ER+_Foxa1
GACTATGCAACCCGCA-1_1,LC_ER+_Foxa1
GACTCAAAGCCTCATA-1_1,Myo
GACTCAACACAAGCTT-1_1,LC_ER-_LuP
GACTCAATCAAGTGTC-1_1,LC_ER-_LuP
GACTCTCGTCCGGATC-1_1,LC_ER+_Foxa1
GACTTCCAGCTAGTTC-1_1,LC_ER+_Foxa1
GACTTCCGTCAAAGCG-1_1,LC_ER+_Foxa1
GAGACCCAGGCAGGTT-1_1,LC_ER+_Foxa1
GAGACCCCACAACGTT-1_1,LC_ER-_LuP
GAGACCCGTTACCCAA-1_1,Myo
GAGACTTAGCCGTAAG-1_1,LC_ER-_LuP
GAGACTTGTCACGCTG-1_1,LC_ER-_LuP
GAGACTTGTTCGCGTG-1_1,LC_ER-_LuP
GAGAGGTAGCAACTTC-1_1,LC_ER-_LuP
GAGATGGAGGGCGAAG-1_1,LC_ER+_Foxa1
GAGATGGCATGTTTGG-1_1,LC_ER+_Foxa1
GAGGCAAAGAGGTGCT-1_1,LC_ER+_Foxa1
GAGGCAAAGTAGCCAG-1_1,LC_ER-_LuP
GAGGCAACACGTCATA-1_1,LC_ER-_LuP
GAGGCAACATCCAATG-1_1,Myo
GAGGCAAGTGCACAAG-1_1,LC_ER+_Foxa1
GAGGCAATCATTCGGA-1_1,LC_ER-_LuP
GAGGCCTAGCTCTATG-1_1,LC_ER+_Sca1
GAGGCCTGTAGTATAG-1_1,LC_ER-_LuP
GAGGGTAAGTCACACT-1_1,LC_ER+_Foxa1
GAGGGTAAGTGAGGCT-1_1,LC_ER+_Foxa1
GAGGGTAAGTTTCTTC-1_1,LC_ER-_LuP
GAGTCTAAGAACTCCT-1_1,LC_ER+_Foxa1
GAGTGAGAGATGGGCT-1_1,LC_ER+_Foxa1
GAGTGTTCAATTCGTG-1_1,LC_ER-_LuP
GAGTGTTCAGCGAGTA-1_1,LC_ER-_LuP
GAGTTACGTACCAGAG-1_1,Myo
GAGTTTGAGATAGTCA-1_1,LC_ER+_Foxa1
GAGTTTGCAAGACGGT-1_1,LC_ER-_LuP
GAGTTTGTCATGACAC-1_1,LC_ER+_Foxa1
GATAGAAGTTTGAACC-1_1,LC_ER-_LuP
GATAGAATCCCGAACG-1_1,LC_ER-_LuP
GATAGCTCACGCACCA-1_1,LC_ER+_Foxa1
GATAGCTTCACGGTCG-1_1,LC_ER+_Foxa1
GATCACAAGGTCGACA-1_1,Myo
GATCACACAAGCGAAC-1_1,LC_ER+_Foxa1
GATCAGTGTGGAACCA-1_1,LC_ER-_LuP
GATCATGCAAGGTCGA-1_1,LC_ER-_LaP
GATCATGTCACTCTTA-1_1,LC_ER+_Foxa1
GATCGTAAGATACAGT-1_1,LC_ER+_Foxa1
GATCGTACATGGAAGC-1_1,LC_ER+_Foxa1
GATGAGGAGCATGAAT-1_1,LC_ER-_LuP
GATGATCCACTGGCGT-1_1,LC_ER+_Foxa1
GATGCTAAGTCGAGGT-1_1,LC_ER-_LuP
GATGCTACAGCCCAGT-1_1,LC_ER-_LuP
GATGCTAGTTACCGTA-1_1,LC_ER-_LuP
GATGTTGCAGAAGCTG-1_1,LC_ER+_Foxa1
GATGTTGTCGTAGGGA-1_1,LC_ER+_Foxa1
GATTCTTCAACCGTGC-1_1,LC_ER-_LuP
GATTCTTCAAGTGGCA-1_1,LC_ER-_LuP
GATTCTTTCCAAGAGG-1_1,LC_ER-_LuP
GATTCTTTCTTGGGCG-1_1,LC_ER-_LuP
GATTGGTTCGACATAC-1_1,LC_ER-_LuP
GATTTCTGTGCTGATT-1_1,LC_ER-_LuP
GATTTCTTCGTTGCCT-1_1,LC_ER-_LuP
GCAACATCATGGCCCA-1_1,LC_ER+_Foxa1
GCAACCGAGGATGGCT-1_1,LC_ER-_LuP
GCAACCGAGGTGCTGA-1_1,LC_ER+_Foxa1
GCAACCGCACGTATAC-1_1,LC_ER+_Foxa1
GCACGGTCACCATATG-1_1,LC_ER-_LuP
GCACGGTCACGACTAT-1_1,LC_ER-_LuP
GCACGGTGTTTGAACC-1_1,LC_ER-_LuP
GCACGGTTCGTGGGAA-1_1,LC_ER-_LuP
GCACGTGCAAGGCTTT-1_1,LC_ER-_LuP
GCACGTGCAGCGACAA-1_1,LC_ER+_Foxa1
GCACGTGTCGCTTAAG-1_1,Myo
GCAGCCACACGTACTA-1_1,LC_ER-_LuP
GCAGCTGCACGGCGTT-1_1,LC_ER+_Foxa1
GCAGGCTAGTAGACAT-1_1,Myo
GCAGTTACACCCTTAC-1_1,LC_ER+_Foxa1
GCAGTTAGTAACGCGA-1_1,LC_ER-_LuP
GCAGTTATCCATGCAA-1_1,LC_ER+_Foxa1
GCATCGGCACGGTGTC-1_1,LC_ER-_LuP
GCATCGGTCTTCGGTC-1_1,LC_ER+_Foxa1
GCATGATTCCGTCACT-1_1,LC_ER+_Foxa1
GCATTAGTCGGTCTGG-1_1,Myo
GCCAGCAAGTGTACAA-1_1,LC_ER-_LuP
GCCAGTGTCGTAGCTA-1_1,LC_ER+_Foxa1
GCCATGGCAGTTAGAA-1_1,Myo
GCCATGGGTGGAGAAA-1_1,LC_ER+_Foxa1
GCCATTCAGTGGTCAG-1_1,LC_ER+_Foxa1
GCCATTCGTTCGTAAC-1_1,LC_ER-_LuP
GCCCAGAAGCGGATCA-1_1,LC_ER-_LuP
GCCGATGAGTGACACG-1_1,LC_ER+_Foxa1
GCCGATGGTCCACGCA-1_1,LC_ER-_LuP
GCCGATGGTGATGGCA-1_1,LC_ER-_LuP
GCCTGTTCAGTAGAAT-1_1,LC_ER+_Foxa1
GCCTGTTGTAGCTAAA-1_1,LC_ER-_LuP
GCCTGTTTCGTGGTAT-1_1,Myo
GCGGAAACAATACCTG-1_1,LC_ER+_Foxa1
GCGGAAACACTGCATA-1_1,LC_ER-_LuP
GCGGAAAGTCAAATCC-1_1,LC_ER+_Foxa1
GCGGAAATCGCTAGCG-1_1,LC_ER-_LuP
GCGGATCCACATTCTT-1_1,LC_ER-_LaP
GCGGATCCAGCAGGAT-1_1,Myo
GCGGATCGTATCCCAA-1_1,LC_ER-_LuP
GCGTGCAAGAAGAACG-1_1,LC_ER+_Foxa1
GCGTGCAAGGGAACAA-1_1,LC_ER+_Foxa1
GCGTGCATCATCGACA-1_1,Myo
GCGTTTCAGAGTCTGG-1_1,LC_ER-_LuP
GCTACCTTCAGTGTGT-1_1,LC_ER+_Foxa1
GCTCAAACAAGAGTAT-1_1,Myo
GCTCAAAGTAGATCGG-1_1,LC_ER-_LuP
GCTCAAAGTTGGGACA-1_1,LC_ER+_Foxa1
GCTGCAGAGTTGGACG-1_1,LC_ER-_LuP
GCTGCAGCACTTCATT-1_1,Myo
GCTGGGTAGGTCCCGT-1_1,LC_ER-_LuP
GCTGGGTGTGCTGTCG-1_1,LC_ER+_Foxa1
GCTTCACAGTGGTCAG-1_1,LC_ER+_Foxa1
GCTTCACTCGCTACGG-1_1,LC_ER+_Foxa1
GCTTGGGTCGTTTACT-1_1,LC_ER+_Foxa1
GGAACCCGTTGGTAGG-1_1,LC_ER+_Foxa1
GGAAGTGTCGCAGTCG-1_1,LC_ER-_LuP
GGAATCTGTAACGGTG-1_1,LC_ER+_Foxa1
GGAATCTTCTCGTGAA-1_1,LC_ER+_Foxa1
GGAATGGCACACACGC-1_1,LC_ER-_LuP
GGACGTCTCGAGCCTG-1_1,LC_ER+_Foxa1
GGAGAACCAGAGTCAG-1_1,Myo
GGAGATGGTGTTACAC-1_1,Myo
GGAGCAACAGTGTACT-1_1,LC_ER+_Foxa1
GGAGCAATCATGGATC-1_1,LC_ER+_Foxa1
GGAGGTAAGAGTAACT-1_1,LC_ER-_LuP
GGATCTACATAGACTC-1_1,LC_ER-_LuP
GGATGTTAGTGCACAG-1_1,LC_ER+_Foxa1
GGCACGTAGTAATACG-1_1,LC_ER+_Foxa1
GGCAGTCAGCTACGTT-1_1,LC_ER+_Foxa1
GGCAGTCAGTTATGGA-1_1,LC_ER-_LuP
GGCGTCACATCATGAC-1_1,LC_ER+_Foxa1
GGCGTCAGTTAACAGA-1_1,LC_ER-_LuP
GGCTTGGAGGATATAC-1_1,LC_ER+_Foxa1
GGCTTGGGTCGTTCAA-1_1,LC_ER-_LuP
GGCTTGGTCCAATGCA-1_1,Myo
GGCTTGGTCCGTGTAA-1_1,LC_ER-_LuP
GGCTTTCGTCATACCA-1_1,LC_ER+_Foxa1
GGGACAAAGAGTGGCT-1_1,LC_ER+_Foxa1
GGGACAACAACCTATG-1_1,LC_ER+_Foxa1
GGGACCTGTCAGTCCG-1_1,LC_ER+_Foxa1
GGGACCTGTTGTTGAC-1_1,LC_ER+_Foxa1
GGGACTCCATCTGGGC-1_1,Myo
GGGACTCGTGGATTTC-1_1,Myo
GGGAGATCATGGGATG-1_1,Myo
GGGAGATTCTTACGGA-1_1,LC_ER+_Foxa1
GGGAGTAAGCATACTC-1_1,LC_ER-_LuP
GGGAGTACACTACCCT-1_1,LC_ER+_Foxa1
GGGATCCCACACCTAA-1_1,LC_ER-_LaP
GGGATCCTCGCTGACG-1_1,LC_ER-_LuP
GGGATGACAAATAAGC-1_1,LC_ER-_LuP
GGGCCATAGGTAATCA-1_1,LC_ER+_Foxa1
GGGCCATCAAATCAGA-1_1,LC_ER-_LuP
GGGCGTTAGGTTGACG-1_1,LC_ER+_Foxa1
GGGCGTTGTTGATCGT-1_1,LC_ER-_LuP
GGGCTACCATATCTCT-1_1,Myo
GGGCTCAAGGTCGTCC-1_1,LC_ER+_Foxa1
GGGCTCACACATTCTT-1_1,LC_ER+_Foxa1
GGGCTCAGTGCCTGAC-1_1,LC_ER-_LuP
GGGTAGAGTAGCTCGC-1_1,LC_ER+_Foxa1
GGGTATTGTCACCGAC-1_1,LC_ER-_LuP
GGGTATTGTTACACAC-1_1,LC_ER-_LuP
GGGTATTGTTAGCGGA-1_1,LC_ER+_Foxa1
GGGTCACAGAACCGCA-1_1,LC_ER-_LuP
GGGTCTGCACGGCGTT-1_1,LC_ER+_Foxa1
GGGTCTGGTGGCTACC-1_1,LC_ER-_LuP
GGGTGAACAATTGGTC-1_1,LC_ER-_LuP
GGGTGAAGTCCAGCCA-1_1,LC_ER+_Foxa1
GGGTGTCCATCGAAGG-1_1,Myo
GGGTTATAGGATGAGA-1_1,LC_ER-_LaP
GGTAACTCAATATCCG-1_1,LC_ER+_Foxa1
GGTAATCAGGGCAGTT-1_1,LC_ER-_LuP
GGTAATCCAGGACAGT-1_1,LC_ER-_LuP
GGTAATCGTAACCAGG-1_1,LC_ER-_LuP
GGTAATCGTAACTGCT-1_1,LC_ER+_Foxa1
GGTCACGAGGCAGGGA-1_1,LC_ER+_Foxa1
GGTCACGAGTATGTAG-1_1,LC_ER-_LaP
GGTCACGCAGACCTGC-1_1,LC_ER-_LuP
GGTCTGGGTTGCGGCT-1_1,LC_ER-_LuP
GGTGAAGTCTGGCCTT-1_1,Myo
GGTGATTTCCCGTTCA-1_1,LC_ER+_Foxa1
GGTGGCTGTAGAATAC-1_1,LC_ER-_LuP
GGTGGCTTCCAAACCA-1_1,LC_ER+_Foxa1
GGTGTCGAGCACTCCG-1_1,LC_ER+_Foxa1
GGTGTCGAGTAACCTC-1_1,Myo
GGTGTCGGTGACCTGC-1_1,LC_ER+_Foxa1
GGTGTCGTCGCGATCG-1_1,LC_ER-_LuP
GGTTAACTCCGCATAA-1_1,LC_ER-_LuP
GGTTCTCTCACCATGA-1_1,LC_ER+_Foxa1
GTAACACCATACACCA-1_1,LC_ER-_LuP
GTAACACTCCGTGCGA-1_1,LC_ER-_LuP
GTAAGTCAGTTTGTCG-1_1,LC_ER+_Foxa1
GTAAGTCGTTACCGTA-1_1,LC_ER+_Foxa1
GTAAGTCTCTAGAACC-1_1,LC_ER+_Foxa1
GTAATCGCACCGTGAC-1_1,LC_ER+_Foxa1
GTAATGCAGACCATAA-1_1,LC_ER-_LaP
GTAATGCGTACCGTCG-1_1,LC_ER-_LuP
GTACAACTCTTACTGT-1_1,LC_ER+_Foxa1
GTAGAAACACCCTATC-1_1,LC_ER-_LuP
GTAGAAATCATCACAG-1_1,LC_ER+_Foxa1
GTAGAAATCGTTATCT-1_1,LC_ER+_Foxa1
GTAGAGGCATACCAGT-1_1,LC_ER-_LuP
GTAGATCAGCCAGTAG-1_1,Myo
GTAGATCAGCGCCTAC-1_1,LC_ER+_Foxa1
GTAGCTACACCCAAGC-1_1,LC_ER+_Foxa1
GTAGGAGTCACGATAC-1_1,LC_ER+_Foxa1
GTAGGTTGTCTACATG-1_1,LC_ER+_Foxa1
GTAGGTTGTTCGAGCC-1_1,Myo
GTAGGTTTCATAGGCT-1_1,LC_ER-_LuP
GTATTGGCATGCAGGA-1_1,LC_ER-_LuP
GTATTGGTCGAGCCAC-1_1,LC_ER-_LuP
GTATTTCTCTATTCGT-1_1,LC_ER+_Foxa1
GTCAAACCAGCGACAA-1_1,LC_ER-_LuP
GTCAAGTGTGGCACTC-1_1,LC_ER+_Foxa1
GTCAAGTGTTAGGAGC-1_1,LC_ER+_Foxa1
GTCACGGCAAGAGGCT-1_1,LC_ER+_Foxa1
GTCACGGGTCTCGCGA-1_1,LC_ER-_LaP
GTCACTCAGAATTGTG-1_1,LC_ER-_LuP
GTCATCCTCATAGCAC-1_1,LC_ER+_Foxa1
GTCATGAGTACAGAGC-1_1,Myo
GTCATTTAGAAGGATG-1_1,Myo
GTCATTTTCTTAATCC-1_1,LC_ER-_LuP
GTCCACTCAAGCGATG-1_1,LC_ER+_Foxa1
GTCCACTGTAGATGTA-1_1,LC_ER+_Foxa1
GTCCCATGTACCAATC-1_1,LC_ER+_Foxa1
GTCCTCACATCTCATT-1_1,LC_ER+_Foxa1
GTCGAATAGAGTCTTC-1_1,LC_ER-_LuP
GTCGAATAGCCACTCG-1_1,Myo
GTCGAATAGGGTGAGG-1_1,LC_ER-_LaP
GTCGAATGTATAGGAT-1_1,Myo
GTCGAATTCGTCACCT-1_1,Myo
GTCGTAAAGCCAACCC-1_1,LC_ER+_Foxa1
GTCGTAATCGAGTACT-1_1,LC_ER+_Foxa1
GTCTAGAAGCCGTTAT-1_1,LC_ER+_Foxa1
GTCTAGAAGGAGGCAG-1_1,LC_ER-_LuP
GTCTAGAGTGTGAGCA-1_1,LC_ER+_Foxa1
GTCTCACAGGGATGTC-1_1,LC_ER-_LuP
GTCTCACGTGTTGACT-1_1,Myo
GTCTCACTCACTAGCA-1_1,LC_ER+_Foxa1
GTCTTTAAGTCTTGGT-1_1,LC_ER-_LuP
GTGACGCCAAGTCATC-1_1,LC_ER-_LuP
GTGACGCCAGCACCCA-1_1,Myo
GTGAGGAGTGTGACCC-1_1,LC_ER-_LuP
GTGAGTTTCGCCAGTG-1_1,LC_ER-_LuP
GTGATGTAGACAAGCC-1_1,LC_ER+_Foxa1
GTGATGTCAGAAACCG-1_1,LC_ER+_Foxa1
GTGATGTTCGAAACAA-1_1,LC_ER+_Foxa1
GTGATGTTCTCTAAGG-1_1,LC_ER-_LuP
GTGCACGCATAATGCC-1_1,LC_ER-_LuP
GTGCAGCAGTCGCCAC-1_1,LC_ER-_LuP
GTGCAGCCATTGGGAG-1_1,Myo
GTGCTGGAGTCTAGAA-1_1,LC_ER-_LuP
GTGCTGGGTAACAGGC-1_1,LC_ER+_Foxa1
GTGCTTCAGTCACGCC-1_1,LC_ER-_LuP
GTGCTTCGTCTTAGTG-1_1,LC_ER+_Foxa1
GTGGAAGAGCACTAAA-1_1,LC_ER+_Foxa1
GTGGAAGGTGTAGTGG-1_1,LC_ER-_LuP
GTGGTTACAAATGGCG-1_1,Myo
GTGTAACCAAACTAAG-1_1,LC_ER-_LuP
GTGTAACGTCACTACA-1_1,LC_ER-_LuP
GTGTAACTCGGACGTC-1_1,LC_ER-_LuP
GTGTCCTCATACATCG-1_1,LC_ER+_Foxa1
GTGTGATAGCGAACTG-1_1,Myo
GTGTGATTCCTACAAG-1_1,LC_ER+_Foxa1
GTGTTAGCAGTGGTGA-1_1,LC_ER+_Foxa1
GTGTTCCCATTCTTCA-1_1,LC_ER+_Foxa1
GTTACAGGTACACGCC-1_1,LC_ER+_Foxa1
GTTACCCCAGATGCGA-1_1,LC_ER-_LaP
GTTACGAAGAATCTAG-1_1,LC_ER-_LuP
GTTACGAAGGCTGGAT-1_1,Myo
GTTACGATCCTGTACC-1_1,LC_ER+_Foxa1
GTTACGATCTTTGGAG-1_1,LC_ER-_LaP
GTTAGACCATCGTGGC-1_1,LC_ER-_LuP
GTTAGTGAGCAAGTCG-1_1,LC_ER-_LuP
GTTAGTGAGGCGCTTC-1_1,LC_ER+_Foxa1
GTTATGGCAGTATTCG-1_1,LC_ER+_Foxa1
GTTATGGTCGACGAGA-1_1,LC_ER-_LuP
GTTCATTTCCTCAGGG-1_1,LC_ER-_LaP
GTTCCGTGTCCTGAAT-1_1,LC_ER+_Foxa1
GTTCGCTAGCACTGGA-1_1,Myo
GTTCGCTCAACACGTT-1_1,Myo
GTTCGCTTCCAACACA-1_1,LC_ER-_LuP
GTTCTATAGACCGTTT-1_1,LC_ER-_LuP
GTTCTATCATCCTGTC-1_1,LC_ER+_Foxa1
GTTCTATGTAGATCGG-1_1,LC_ER+_Foxa1
GTTCTATGTCGGTAAG-1_1,LC_ER+_Foxa1
GTTCTATTCAACCCGG-1_1,LC_ER+_Foxa1
GTTGCGGCATATAGCC-1_1,LC_ER+_Foxa1
GTTGCTCTCAACCTCC-1_1,LC_ER-_LuP
GTTGCTCTCTCGAACA-1_1,LC_ER-_LuP
GTTGCTCTCTTAAGGC-1_1,LC_ER-_LuP
GTTGTAGCACTGGCGT-1_1,LC_ER-_LuP
GTTGTCCTCAAGTTGC-1_1,LC_ER-_LuP
GTTGTGAGTTGCATGT-1_1,LC_ER+_Foxa1
GTTTACTCATCCCACT-1_1,LC_ER+_Foxa1
GTTTGGAAGATGCAGC-1_1,LC_ER-_LuP
TAACACGAGCTTTCTT-1_1,LC_ER-_LuP
TAACACGGTATGTCAC-1_1,LC_ER-_LuP
TAACTTCAGTCGAATA-1_1,LC_ER+_Foxa1
TAACTTCCACGTAGAG-1_1,LC_ER+_Foxa1
TAAGCACGTAAGTTAG-1_1,LC_ER-_LuP
TAAGCACTCCGCTTAC-1_1,LC_ER-_LuP
TAAGCCAAGGGCCTCT-1_1,LC_ER-_LuP
TAAGCGTCATAATGCC-1_1,LC_ER-_LuP
TAAGCGTTCGCTCTCA-1_1,Myo
TAATCTCCACAACATC-1_1,LC_ER+_Foxa1
TAATTCCCAATAGAGT-1_1,LC_ER+_Foxa1
TACAACGTCTTTGCGC-1_1,LC_ER+_Foxa1
TACACCCGTCCGATCG-1_1,LC_ER+_Foxa1
TACACCCTCACCTGGG-1_1,LC_ER-_LuP
TACAGGTGTATCGCAT-1_1,LC_ER+_Foxa1
TACAGGTTCGTTCCCA-1_1,LC_ER-_LuP
TACAGGTTCTGGTGCG-1_1,LC_ER+_Foxa1
TACATTCGTTACGCCG-1_1,Myo
TACCCACGTCTGCGCA-1_1,LC_ER+_Foxa1
TACCCGTGTTGTACGT-1_1,Myo
TACCTGCCATACCAGT-1_1,LC_ER-_LuP
TACGCTCTCCACGTCT-1_1,LC_ER-_LuP
TACGGGCAGCGTTAGG-1_1,LC_ER+_Foxa1
TACGGTAAGGGCAGAG-1_1,LC_ER+_Foxa1
TACGGTAGTATCGATC-1_1,LC_ER-_LuP
TACGGTAGTTCCAGGC-1_1,LC_ER+_Foxa1
TACGTCCGTCTGCCTT-1_1,LC_ER+_Foxa1
TACTGCCTCACTAGCA-1_1,Myo
TACTTACGTCTGTGGC-1_1,LC_ER+_Foxa1
TACTTACGTTTGATCG-1_1,LC_ER+_Foxa1
TACTTACTCGGTAACT-1_1,LC_ER-_LuP
TACTTCAAGCCAAGTG-1_1,LC_ER+_Foxa1
TACTTCAAGGCTAAAT-1_1,LC_ER+_Foxa1
TACTTCACACCCAACG-1_1,Myo
TACTTCACATCCGCGA-1_1,Myo
TACTTGTAGCTGGAGT-1_1,LC_ER+_Foxa1
TAGACCAGTGCCCGTA-1_1,LC_ER+_Foxa1
TAGACTGAGCAGGTCA-1_1,LC_ER-_LuP
TAGACTGTCTCGGTAA-1_1,LC_ER+_Foxa1
TAGAGTCAGTTGCCCG-1_1,LC_ER+_Foxa1
TAGAGTCTCCTCTAGC-1_1,LC_ER-_LaP
TAGGGTTTCCGTGGTG-1_1,LC_ER-_LuP
TAGGTACAGAATCGCG-1_1,LC_ER-_LuP
TAGGTTGGTAGTTACC-1_1,Myo
TATACCTCAGTGTACT-1_1,LC_ER-_LuP
TATCAGGAGTAGAATC-1_1,LC_ER+_Foxa1
TATCAGGGTGATTAGA-1_1,LC_ER-_LuP
TATCAGGTCGAGCTGC-1_1,LC_ER-_LuP
TATCCTATCGACCACG-1_1,LC_ER-_LuP
TATCGCCCAGAGTCAG-1_1,LC_ER+_Foxa1
TATCGCCGTTACACAC-1_1,LC_ER+_Foxa1
TATCGCCTCAACTCTT-1_1,LC_ER+_Foxa1
TATCGCCTCGCTAATG-1_1,LC_ER+_Foxa1
TATCTGTTCATGCATG-1_1,LC_ER-_LuP
TATCTGTTCCGTGGTG-1_1,Myo
TATCTTGAGACATGCG-1_1,LC_ER-_LuP
TATGTTCAGGATCATA-1_1,LC_ER+_Foxa1
TATGTTCCAGGGAATC-1_1,LC_ER+_Foxa1
TATGTTCTCCGGTAAT-1_1,LC_ER+_Foxa1
TATTCCACACCAGTTA-1_1,LC_ER+_Foxa1
TATTCCATCTCGCTCA-1_1,LC_ER-_LuP
TATTGCTAGCCTCAGC-1_1,LC_ER+_Foxa1
TATTTCGAGAGGGTGG-1_1,Myo
TCAAGACCAATAACGA-1_1,LC_ER+_Foxa1
TCAAGACGTAGCCAGA-1_1,Myo
TCAAGACTCAAGGACG-1_1,LC_ER+_Foxa1
TCAAGCAAGGTGCAGT-1_1,LC_ER-_LuP
TCAAGCACAATGCAAA-1_1,LC_ER+_Foxa1
TCAAGCACACTATCCC-1_1,LC_ER+_Foxa1
TCAAGCATCGTAGTGT-1_1,LC_ER-_LuP
TCAAGTGCACCTCGTT-1_1,LC_ER+_Foxa1
TCAATCTGTTGCAACT-1_1,LC_ER-_LuP
TCAATCTTCTCATAGG-1_1,LC_ER-_LuP
TCAATTCAGACGCATG-1_1,LC_ER-_LuP
TCAATTCAGGTCGTCC-1_1,LC_ER-_LuP
TCACAAGTCGGAAGGT-1_1,LC_ER-_LuP
TCACACCAGTAAGCAT-1_1,LC_ER-_LuP
TCACATTTCCAAGGGA-1_1,LC_ER-_LuP
TCACGCTCATCACCAA-1_1,LC_ER+_Foxa1
TCACGCTGTCACTTAG-1_1,LC_ER+_Foxa1
TCACGCTGTGGTTTAC-1_1,LC_ER-_LuP
TCACGCTTCTACACTT-1_1,LC_ER-_LuP
TCACGGGAGTGAGGTC-1_1,LC_ER+_Foxa1
TCACGGGCAGAAGTGC-1_1,LC_ER-_LuP
TCACTATGTATGAGGC-1_1,LC_ER-_LuP
TCACTCGCACCTGATA-1_1,LC_ER-_LuP
TCACTCGGTGCGTCGT-1_1,LC_ER-_LuP
TCAGCAACAATAGGAT-1_1,LC_ER+_Foxa1
TCAGCAAGTACAAGCG-1_1,LC_ER-_LuP
TCAGCAATCACCTTAT-1_1,LC_ER-_LuP
TCAGCCTCACTAACCA-1_1,LC_ER+_Foxa1
TCAGGGCCAAATCAGA-1_1,LC_ER+_Foxa1
TCAGGTACACTCCTTG-1_1,LC_ER-_LuP
TCAGGTAGTCTATGAC-1_1,LC_ER-_LuP
TCAGTTTGTCGAGTGA-1_1,LC_ER+_Foxa1
TCATATCCAAACTAAG-1_1,LC_ER-_LuP
TCATATCCACATGAAA-1_1,Myo
TCATATCCATGCTGCG-1_1,LC_ER-_LuP
TCATCATCAACCGCTG-1_1,Myo
TCATCATTCCAACTAG-1_1,LC_ER-_LuP
TCATCCGAGGTTCAGG-1_1,LC_ER-_LuP
TCATCCGAGTCATCCA-1_1,LC_ER+_Foxa1
TCATCCGAGTGAGTGC-1_1,LC_ER+_Foxa1
TCATCCGGTGCACATT-1_1,LC_ER-_LuP
TCATCCGTCTCTCTTC-1_1,LC_ER-_LuP
TCATGAGTCCATTTGT-1_1,LC_ER-_LuP
TCATGTTCATAGCTGT-1_1,LC_ER+_Foxa1
TCATGTTTCTCAATCT-1_1,Myo
TCATTACGTCTTGCTC-1_1,LC_ER-_LaP
TCATTACGTGATTGGG-1_1,LC_ER+_Foxa1
TCATTCAAGAGCCGTA-1_1,LC_ER+_Foxa1
TCATTCAGTCAAACGG-1_1,LC_ER+_Sca1
TCATTGTAGTGGACGT-1_1,LC_ER-_LuP
TCCACCACAGACATCT-1_1,Myo
TCCACGTCAATCAAGA-1_1,LC_ER+_Foxa1
TCCACGTTCATTTGGG-1_1,LC_ER-_LuP
TCCAGAAAGACTGGGT-1_1,LC_ER+_Foxa1
TCCATGCAGTCCCGGT-1_1,LC_ER+_Foxa1
TCCATGCCAAGTGATA-1_1,LC_ER+_Foxa1
TCCCACAAGAAGTCAT-1_1,LC_ER+_Foxa1
TCCCACACAGAGTGAC-1_1,LC_ER-_LuP
TCCCACAGTACGGATG-1_1,Myo
TCCCATGCACAGCGCT-1_1,LC_ER-_LuP
TCCCATGTCCAACCGG-1_1,LC_ER-_LuP
TCCGAAAGTGGAAGTC-1_1,LC_ER+_Foxa1
TCCGAAATCAACACCA-1_1,LC_ER-_LuP
TCCGATCTCTCTATGT-1_1,LC_ER-_LuP
TCCGTGTCAGGCGATA-1_1,LC_ER-_LuP
TCCTAATGTGTGTTTG-1_1,LC_ER-_LuP
TCCTAATTCACTCGAA-1_1,LC_ER+_Foxa1
TCCTCCCAGCTTCTAG-1_1,LC_ER-_LuP
TCCTCCCGTAACGATA-1_1,LC_ER+_Foxa1
TCCTCGATCGTTGCCT-1_1,LC_ER+_Foxa1
TCCTCTTAGGTCGTGA-1_1,LC_ER+_Foxa1
TCCTCTTCACTGGACC-1_1,LC_ER+_Foxa1
TCCTCTTGTTCTTCAT-1_1,Myo
TCCTCTTTCAAATGAG-1_1,Myo
TCCTGCAGTTGTCATG-1_1,LC_ER+_Foxa1
TCCTTCTAGTGGGAAA-1_1,LC_ER+_Foxa1
TCCTTTCAGGTAGCCA-1_1,LC_ER+_Foxa1
TCCTTTCCAGCGTACC-1_1,LC_ER-_LuP
TCGAAGTCAGTTAAAG-1_1,Myo
TCGAAGTTCGCCAGTG-1_1,LC_ER-_LuP
TCGACCTAGCTGGAGT-1_1,LC_ER+_Foxa1
TCGACCTCAAGCCCAC-1_1,LC_ER-_LuP
TCGATTTGTGATCATC-1_1,LC_ER-_LuP
TCGATTTTCTCTCCGA-1_1,LC_ER-_LaP
TCGCACTAGCTCATAC-1_1,LC_ER+_Foxa1
TCGCAGGAGGCCTGCT-1_1,LC_ER-_LuP
TCGCTCAAGCATCTTG-1_1,Myo
TCGCTCAGTCTCTCTG-1_1,LC_ER-_LuP
TCGCTCATCGGCTTCT-1_1,LC_ER+_Foxa1
TCGCTTGCAGCGCTTG-1_1,LC_ER+_Foxa1
TCGGGACCATCCGTGG-1_1,LC_ER+_Foxa1
TCGGGTGAGCCTCTTC-1_1,LC_ER-_LaP
TCGGTCTAGCCTCTGG-1_1,LC_ER-_LuP
TCGGTCTAGCTAATGA-1_1,LC_ER-_LuP
TCGGTCTAGTCTTCCC-1_1,LC_ER-_LuP
TCGGTCTTCTATACTC-1_1,LC_ER-_LuP
TCGTAGACATCGTGGC-1_1,LC_ER+_Foxa1
TCGTCCATCCGCACTT-1_1,LC_ER+_Foxa1
TCGTCCATCGTTGTGA-1_1,LC_ER-_LuP
TCGTGCTCACCGTGGT-1_1,LC_ER-_LuP
TCGTGCTCACCTGATA-1_1,LC_ER+_Foxa1
TCGTGGGAGACTCTTG-1_1,LC_ER-_LuP
TCGTGGGAGTATAACG-1_1,Myo
TCGTGGGCATCTTTCA-1_1,LC_ER-_LuP
TCGTGGGGTAAGTAGT-1_1,LC_ER-_LuP
TCTAACTCAGGTTCGC-1_1,LC_ER-_LuP
TCTACATGTGCTGTCG-1_1,LC_ER+_Foxa1
TCTACCGAGAACAAGG-1_1,Myo
TCTACCGAGTGTCATC-1_1,LC_ER+_Foxa1
TCTATACGTGATACAA-1_1,Myo
TCTATCAAGAAGCTGC-1_1,Myo
TCTATCAAGTCGAGGT-1_1,LC_ER-_LuP
TCTATCATCCGTGTAA-1_1,LC_ER-_LuP
TCTCACGAGAATCGAT-1_1,LC_ER-_LuP
TCTCACGAGCTCGACC-1_1,LC_ER+_Foxa1
TCTCACGCATGGAATA-1_1,Myo
TCTCACGGTGCTTCAA-1_1,Myo
TCTCAGCAGTCGGCAA-1_1,LC_ER+_Foxa1
TCTCAGCCAGACTCTA-1_1,LC_ER+_Foxa1
TCTCAGCCATGGACAG-1_1,LC_ER-_LaP
TCTCCGAAGGAAAGTG-1_1,LC_ER-_LuP
TCTGCCAGTCGATTAC-1_1,LC_ER-_LuP
TCTGCCAGTCTACGAT-1_1,LC_ER-_LuP
TCTGGCTGTACCTTCC-1_1,LC_ER-_LuP
TCTGGCTGTCCAGGTC-1_1,LC_ER-_LuP
TCTGTCGCACGCTGCA-1_1,LC_ER+_Foxa1
TCTGTCGTCCTATTGT-1_1,LC_ER-_LuP
TCTTAGTGTAGTGCGA-1_1,LC_ER+_Foxa1
TCTTCCTAGCCTCCAG-1_1,Myo
TCTTCCTCAGCTGAAG-1_1,LC_ER-_LuP
TCTTGCGAGGTCGTAG-1_1,LC_ER+_Foxa1
TCTTGCGTCTCCGAAA-1_1,Myo
TCTTTGACATGGCACC-1_1,LC_ER-_LuP
TCTTTGAGTTGGTGTT-1_1,LC_ER+_Foxa1
TGAACGTAGGCTTAAA-1_1,LC_ER+_Foxa1
TGAACGTGTCAGTCTA-1_1,Myo
TGAACGTTCTGTGCAA-1_1,LC_ER+_Foxa1
TGAATCGGTAGCGATG-1_1,LC_ER-_LuP
TGAATCGGTATTTCTC-1_1,LC_ER-_LuP
TGACAGTAGTCACACT-1_1,LC_ER+_Foxa1
TGACAGTGTAGGTACG-1_1,LC_ER-_LuP
TGACCCTCACTGCTTC-1_1,LC_ER+_Foxa1
TGACTCCGTTCGTTCC-1_1,Myo
TGAGCGCGTGATAGTA-1_1,LC_ER+_Foxa1
TGAGGAGCATGGCTGC-1_1,LC_ER+_Foxa1
TGAGGAGTCCTCGATC-1_1,LC_ER+_Foxa1
TGAGGTTAGCGTCGAA-1_1,LC_ER+_Foxa1
TGAGGTTTCCACACCT-1_1,LC_ER+_Foxa1
TGAGGTTTCCTCTAGC-1_1,LC_ER-_LuP
TGATCAGAGCGATTCT-1_1,LC_ER-_LuP
TGATCAGAGTAAACTG-1_1,LC_ER+_Foxa1
TGATCAGTCAAGGCTT-1_1,LC_ER+_Foxa1
TGATCTTCAAATGCTC-1_1,LC_ER+_Foxa1
TGATGCACACGTTGGC-1_1,LC_ER+_Foxa1
TGATTCTAGGATGAGA-1_1,LC_ER-_LuP
TGATTTCGTATGGAGC-1_1,LC_ER+_Foxa1
TGCACGGAGCCGGAAT-1_1,LC_ER+_Foxa1
TGCACGGGTCCTGGGT-1_1,LC_ER-_LuP
TGCAGATTCGCTGATA-1_1,Myo
TGCAGGCGTCGTATGT-1_1,LC_ER+_Foxa1
TGCAGGCTCTCAACGA-1_1,LC_ER-_LuP
TGCCGAGGTACTCGAT-1_1,LC_ER+_Foxa1
TGCGACGTCGGCTTGG-1_1,LC_ER+_Foxa1
TGCGATACACCCTCTA-1_1,LC_ER-_LuP
TGCGGGTAGGGTGAAA-1_1,LC_ER-_LaP
TGCGGGTAGTGCAGCA-1_1,LC_ER-_LuP
TGCGGGTTCCACATAG-1_1,LC_ER+_Foxa1
TGCTCCAGTACGCGTC-1_1,LC_ER+_Foxa1
TGCTTCGAGCGACCCT-1_1,LC_ER-_LuP
TGCTTGCAGGTCCTGC-1_1,LC_ER-_LuP
TGGAGGACACCAACAT-1_1,LC_ER+_Foxa1
TGGAGGATCCGCATAA-1_1,LC_ER-_LuP
TGGATGTTCGCTGCGA-1_1,LC_ER+_Foxa1
TGGCGTGGTGCGACAA-1_1,LC_ER-_LuP
TGGGAAGAGGTGAGCT-1_1,LC_ER-_LuP
TGGGCTGCAGCACCCA-1_1,LC_ER-_LuP
TGGGTTAGTGTTACAC-1_1,LC_ER-_LuP
TGGGTTAGTTACACAC-1_1,Myo
TGGTAGTCATGGAAGC-1_1,LC_ER-_LuP
TGGTGATTCTTCCCAG-1_1,LC_ER+_Foxa1
TGGTTAGCAACCGTGC-1_1,LC_ER+_Foxa1
TGGTTAGTCCAACCGG-1_1,Myo
TGGTTAGTCGGCATAT-1_1,LC_ER+_Foxa1
TGTAACGAGGTTGACG-1_1,LC_ER-_LuP
TGTAAGCAGAGGCGTT-1_1,LC_ER-_LuP
TGTAAGCAGTGATAAC-1_1,LC_ER-_LuP
TGTAAGCGTCATCTAG-1_1,LC_ER-_LuP
TGTAAGCTCAACTGGT-1_1,Myo
TGTACAGCACGACCTG-1_1,LC_ER-_LuP
TGTACAGGTTCTAAGC-1_1,LC_ER+_Foxa1
TGTAGACTCGCCCAGA-1_1,Myo
TGTCCACGTATCGAGG-1_1,LC_ER-_LuP
TGTCCACGTGCAGTGA-1_1,Myo
TGTCCACTCGTTGTTT-1_1,LC_ER-_LuP
TGTCCCAAGTGGAATT-1_1,LC_ER-_LuP
TGTCCCAGTGGGTCAA-1_1,LC_ER-_LuP
TGTCCCAGTTAAGGGC-1_1,LC_ER-_LuP
TGTCCCATCAACGCTA-1_1,LC_ER-_LuP
TGTCCTGAGAGTGGCT-1_1,LC_ER-_LuP
TGTCCTGTCCTGGCTT-1_1,LC_ER-_LuP
TGTGAGTAGGCCGCTT-1_1,LC_ER-_LuP
TGTGAGTCAACAGATA-1_1,LC_ER+_Foxa1
TGTGGCGAGATCCGAG-1_1,LC_ER-_LuP
TGTGTGATCTGAATGC-1_1,LC_ER+_Foxa1
TGTTACTCACAATCTG-1_1,LC_ER+_Foxa1
TGTTCCGAGTTCTACG-1_1,Myo
TGTTCCGGTTGCCTAA-1_1,LC_ER-_LuP
TGTTCTACAAAGAACT-1_1,LC_ER-_LuP
TGTTCTAGTTAATGAG-1_1,LC_ER-_LuP
TGTTCTAGTTGTGGAG-1_1,LC_ER-_LuP
TGTTGAGCACATGGTT-1_1,LC_ER+_Foxa1
TGTTGAGTCACGAACT-1_1,LC_ER-_LuP
TGTTTGTGTATGACAA-1_1,Myo
TTAATCCAGGTGCGAT-1_1,LC_ER+_Foxa1
TTAATCCCACGCTGAC-1_1,LC_ER-_LuP
TTACAGGAGTGCACCC-1_1,LC_ER-_LuP
TTACAGGCAGCCATTA-1_1,LC_ER-_LuP
TTACAGGTCCCAGGCA-1_1,Myo
TTACCATAGCACTCGC-1_1,LC_ER+_Foxa1
TTACCGCAGGGAGATA-1_1,LC_ER+_Foxa1
TTACCGCGTTCATCTT-1_1,LC_ER-_LuP
TTACCGCGTTTCGCTC-1_1,LC_ER+_Foxa1
TTACGCCAGACTTAAG-1_1,LC_ER+_Foxa1
TTACGCCAGGTTGGAC-1_1,LC_ER-_LuP
TTACGTTTCGCACGGT-1_1,LC_ER-_LuP
TTACTGTTCAAGTTGC-1_1,LC_ER+_Foxa1
TTAGGCAAGCCATATC-1_1,LC_ER-_LuP
TTAGGGTAGAGCAGCT-1_1,LC_ER-_LuP
TTATTGCAGGTAGACC-1_1,Myo
TTCAATCTCGCAGAGA-1_1,LC_ER-_LuP
TTCAGGAAGAAACTGT-1_1,LC_ER+_Foxa1
TTCATGTAGGTACTGG-1_1,LC_ER+_Foxa1
TTCATGTAGTTTGGCT-1_1,LC_ER+_Foxa1
TTCATGTCAGCGCGTT-1_1,LC_ER+_Foxa1
TTCCAATCACATGACT-1_1,LC_ER+_Foxa1
TTCCAATCAGACCCGT-1_1,LC_ER+_Foxa1
TTCCAATGTAGATGTA-1_1,LC_ER+_Foxa1
TTCCAATTCACATCAG-1_1,LC_ER-_LuP
TTCCAATTCATGCCCT-1_1,LC_ER-_LuP
TTCCACGAGAGTTCGG-1_1,LC_ER+_Foxa1
TTCCACGTCAGAGTTC-1_1,LC_ER-_LuP
TTCCGTGCATACAGGG-1_1,LC_ER-_LuP
TTCGATTTCCCGAACG-1_1,LC_ER-_LuP
TTCGCTGAGCTCCACG-1_1,LC_ER+_Foxa1
TTCGCTGCACAAATGA-1_1,LC_ER+_Foxa1
TTCGCTGCATCGATGT-1_1,Myo
TTCGCTGGTCACCGAC-1_1,LC_ER+_Foxa1
TTCGCTGTCTTTCAGT-1_1,LC_ER+_Foxa1
TTCGGTCCAACCCGCA-1_1,LC_ER+_Foxa1
TTCGGTCTCGCCTATC-1_1,LC_ER+_Foxa1
TTCGGTCTCTTGTTAC-1_1,LC_ER-_LuP
TTCTAACGTATGACAA-1_1,LC_ER-_LuP
TTCTAACTCCGGCAGT-1_1,LC_ER-_LuP
TTCTAGTTCCTGTACC-1_1,LC_ER+_Foxa1
TTCTCTCAGGATGAGA-1_1,LC_ER-_LuP
TTCTCTCTCATAAGGA-1_1,LC_ER-_LuP
TTCTTCCGTGAGGAAA-1_1,LC_ER+_Foxa1
TTCTTCCGTGATTCAC-1_1,LC_ER-_LuP
TTCTTGATCAGCTCTC-1_1,LC_ER+_Foxa1
TTGAACGCACGGATCC-1_1,LC_ER+_Foxa1
TTGAACGTCGCTACAA-1_1,LC_ER-_LuP
TTGACCCGTGATACTC-1_1,LC_ER-_LuP
TTGACCCTCCTCTAAT-1_1,LC_ER+_Foxa1
TTGAGTGCACGCCAGT-1_1,LC_ER+_Foxa1
TTGATGGCAAGCCCAC-1_1,LC_ER+_Foxa1
TTGCCTGGTATCGAGG-1_1,LC_ER+_Foxa1
TTGCCTGTCTGAGGCC-1_1,Myo
TTGCGTCTCCCGTTCA-1_1,LC_ER-_LuP
TTGCTGCCACAGAAGC-1_1,LC_ER+_Foxa1
TTGGATGAGAACTTCC-1_1,LC_ER-_LuP
TTGGGCGAGCTGCCTG-1_1,LC_ER+_Foxa1
TTGGGTATCCGCTAGG-1_1,LC_ER-_LuP
TTGTGTTAGAGGTGCT-1_1,LC_ER+_Foxa1
TTGTGTTCACTACACA-1_1,LC_ER+_Foxa1
TTGTTCACAGACCCGT-1_1,LC_ER+_Foxa1
TTGTTCATCAGGGATG-1_1,LC_ER-_LuP
TTGTTCATCGCGTGCA-1_1,LC_ER-_LuP
TTGTTGTCATACCATG-1_1,LC_ER-_LuP
TTGTTTGAGCCGTAAG-1_1,LC_ER+_Foxa1
TTGTTTGAGTACTGGG-1_1,LC_ER+_Foxa1
TTGTTTGCACCAGGTC-1_1,LC_ER+_Foxa1
TTTACCAAGACATAGT-1_1,Myo
TTTACCACAATTCACG-1_1,LC_ER+_Foxa1
TTTACCATCGACATCA-1_1,LC_ER-_LuP
TTTACGTCAACCCTCT-1_1,LC_ER+_Foxa1
TTTACTGCACTAACGT-1_1,LC_ER-_LuP
TTTACTGTCCTCTAGC-1_1,LC_ER-_LuP
TTTCACATCCGACGGT-1_1,LC_ER-_LuP
TTTCACATCTTGGCTC-1_1,Myo
TTTCCTCCATAGACTC-1_1,LC_ER+_Foxa1
TTTCCTCGTCCAGCGT-1_1,LC_ER-_LuP
TTTCGATAGTTTGCTG-1_1,LC_ER+_Foxa1
TTTGACTAGGAGGCAG-1_1,LC_ER+_Foxa1
TTTGATCGTGCAACAG-1_1,LC_ER-_LuP
TTTGATCTCCTCATAT-1_1,LC_ER-_LuP
TTTGGAGAGGTTACAA-1_1,LC_ER-_LuP
TTTGGAGAGTCGCCAC-1_1,LC_ER-_LuP
TTTGGAGTCTCTCAAT-1_1,LC_ER-_LuP
TTTGGTTCACACCGCA-1_1,Myo
TTTGGTTGTCACGACC-1_1,LC_ER-_LuP
TTTGGTTGTGTACGCC-1_1,LC_ER-_LuP
TTTGTTGCACACGGTC-1_1,LC_ER-_LuP
